customer_id,name,email,region,segment,join_date,is_churned,total_purchases,total_spent
CUST-602276,Miguel Williams,cheryl27@example.com,Central,Consumer,2023-03-08,0,9,16952.44
CUST-002657,Anna Murphy,rdixon@example.org,Central,Corporate,2024-03-25,1,8,16522.97
CUST-580863,Julie Davis,christopher48@example.org,South,Consumer,2023-12-24,0,7,18371.24
CUST-300868,Chad Zuniga,rodriguezlisa@example.com,West,Home Office,2025-06-28,1,9,19761.19
CUST-902683,William Bates,mitchell48@example.org,South,Home Office,2026-03-31,1,4,18403.38
CUST-679883,Keith Martinez,suzannecarpenter@example.org,West,Home Office,2023-12-13,0,9,6765.24
CUST-136760,Jimmy Barnes,sara25@example.com,South,Home Office,2024-04-13,0,7,2942.73
CUST-139656,Kenneth Anderson,rebekahthompson@example.org,North,Consumer,2022-10-11,0,11,39607.59
CUST-840957,Frank Hunt,willisnathan@example.org,South,Home Office,2023-11-08,0,9,6782.59
CUST-861175,Donna Levine,jacqueline97@example.org,Central,Corporate,2024-06-05,0,5,21661.65
CUST-329500,Ryan Grant,tiffany80@example.org,North,Consumer,2022-11-19,0,13,46728.69
CUST-740395,Terry Thompson,anna36@example.org,Central,Consumer,2023-03-29,0,5,23715.03
CUST-187732,Justin Carlson,jessicajuarez@example.org,South,Corporate,2024-12-13,1,12,33860.18
CUST-779751,Madeline Fry,halldeborah@example.net,East,Home Office,2024-04-22,0,10,19348.76
CUST-131999,Kathryn Morgan,fcruz@example.net,Central,Corporate,2025-12-28,0,7,45516.32
CUST-139822,Ryan Gonzalez,natasha55@example.com,Central,Consumer,2026-06-09,1,6,8865.28
CUST-407714,Stephen Jackson,dickersondwayne@example.org,Central,Consumer,2024-01-30,0,12,84631.04
CUST-842572,Mark Warren,jadecarter@example.net,East,Corporate,2026-04-11,0,9,19858.6
CUST-645123,Matthew King,randall96@example.org,Central,Home Office,2025-06-01,1,9,50937.0
CUST-206298,Melissa Ortega,csimmons@example.net,North,Home Office,2023-03-08,1,5,2884.31
CUST-621954,Katie Conner,igutierrez@example.net,West,Corporate,2026-06-09,1,11,39578.72
CUST-044476,Matthew Murphy,timothy16@example.org,North,Consumer,2022-08-15,0,12,42427.75
CUST-382144,Sarah Burton,andrewsraymond@example.net,East,Corporate,2023-09-06,1,4,9779.11
CUST-948509,Sherri Black,michael37@example.net,North,Consumer,2023-01-05,0,15,23289.18
CUST-814240,Christopher Burns,patrick56@example.com,West,Consumer,2026-01-31,0,14,43050.61
CUST-274499,Gregory Howe,brenda39@example.net,Central,Home Office,2024-12-09,0,7,13062.64
CUST-129557,Joseph Rogers,bradley91@example.net,North,Consumer,2026-06-28,0,7,4372.42
CUST-581901,Derrick Weaver MD,kayladowns@example.com,Central,Consumer,2024-10-14,0,9,23489.0
CUST-218256,Caitlin Jimenez,dianamiller@example.org,West,Home Office,2024-06-21,0,5,21595.44
CUST-592723,Elizabeth Lopez,stewartpaul@example.net,East,Corporate,2025-06-13,0,6,4142.79
CUST-704990,Karen Williams,matthewsandoval@example.net,South,Home Office,2026-07-07,0,13,24576.13
CUST-988318,Jeffery Lowe,jacqueline12@example.org,East,Home Office,2023-05-31,0,9,13361.55
CUST-856591,Michelle Chang,thomashenry@example.net,South,Corporate,2026-06-24,1,8,38668.25
CUST-152672,Shane Brown,goldenangela@example.com,East,Home Office,2025-08-29,0,8,9788.39
CUST-980420,James Hoffman,william77@example.com,South,Home Office,2023-05-10,0,8,15292.23
CUST-147519,Jenna Carter,hernandezjared@example.org,South,Home Office,2024-04-14,1,6,22446.39
CUST-354039,Marilyn Padilla,robersonjuan@example.com,North,Corporate,2025-01-30,1,8,39953.21
CUST-217846,Wayne Richardson,rsmith@example.org,South,Consumer,2025-08-08,0,7,28620.6
CUST-988073,Justin Hansen,kenneth52@example.org,West,Home Office,2026-04-10,0,9,34907.6
CUST-827188,Kimberly Miller,ariana61@example.org,South,Consumer,2024-01-27,0,6,25165.01
CUST-437201,Matthew Solis,egoodwin@example.com,East,Corporate,2024-10-03,0,9,41661.74
CUST-926395,Dwayne Chavez,vanessa84@example.net,North,Consumer,2022-09-27,0,9,20599.05
CUST-259053,Ms. Tammy Liu,timothyhicks@example.com,East,Corporate,2022-12-18,0,5,19286.28
CUST-535270,Glenn Blackwell,brookslogan@example.org,Central,Home Office,2022-11-19,0,12,42650.51
CUST-763063,Larry Ward,jesus28@example.net,East,Home Office,2024-02-21,0,9,21494.46
CUST-733442,Joseph Brown,carolperez@example.com,South,Consumer,2025-06-08,0,7,66623.84
CUST-969635,Phillip Salazar,brandongardner@example.org,North,Corporate,2024-04-22,0,12,44458.28
CUST-456442,Michelle Williams,leeashley@example.net,West,Home Office,2024-02-08,1,8,35366.01
CUST-056387,Karen Alvarado,ywatts@example.net,East,Consumer,2026-01-11,0,13,28663.55
CUST-109674,Ms. Briana Mitchell PhD,penningtondebbie@example.org,Central,Consumer,2025-07-30,0,9,6612.17
CUST-331688,Karen Wood,ovega@example.net,North,Corporate,2023-08-24,1,4,19680.78
CUST-864591,Stacey Johnson,singletonkenneth@example.org,South,Corporate,2023-07-29,0,7,18952.79
CUST-959867,John Mckinney,charles64@example.org,Central,Corporate,2023-06-14,0,11,45311.35
CUST-587422,Lisa Swanson,alexiswatts@example.net,East,Home Office,2024-07-18,0,9,27751.9
CUST-247238,Holly Chavez,hayesnathan@example.net,North,Consumer,2024-09-18,1,12,21755.9
CUST-312434,Robert Johnson,john81@example.net,North,Consumer,2024-06-22,0,9,22911.1
CUST-379085,Christopher Garcia,hhernandez@example.net,West,Consumer,2025-07-15,0,14,30953.13
CUST-238857,Lori Houston,roycarter@example.net,Central,Consumer,2024-09-23,0,12,21517.32
CUST-243677,Michael Mitchell,smontoya@example.org,West,Consumer,2023-10-27,0,11,18507.11
CUST-595604,Brian Moore,wluna@example.org,West,Consumer,2024-04-13,1,7,47231.14
CUST-323737,Tracey Holloway,christopher07@example.org,West,Corporate,2024-07-02,0,17,100259.6
CUST-470920,Jeremy Martin,joshuamccoy@example.org,North,Consumer,2023-08-29,0,15,66329.67
CUST-101165,Dennis Lee,jillboyd@example.com,South,Corporate,2024-09-02,0,9,20126.25
CUST-716718,Michelle Sherman,utyler@example.net,East,Consumer,2025-02-22,0,8,14497.55
CUST-959391,Charles Jones,michaelhowell@example.com,Central,Home Office,2022-08-02,0,9,38859.5
CUST-263687,Megan Moody,kleinkendra@example.com,Central,Consumer,2024-11-03,0,14,50545.11
CUST-435388,Jonathan Johnson,greenheidi@example.net,North,Corporate,2024-11-06,0,15,86398.1
CUST-687479,Tina Green,patrickhaney@example.org,East,Home Office,2025-10-28,0,9,48454.86
CUST-544728,Taylor Owens,xglenn@example.org,North,Corporate,2025-12-26,0,11,24734.29
CUST-246308,Mary Lee,anthonychapman@example.org,South,Corporate,2023-09-16,1,9,22938.23
CUST-738720,Louis Nguyen Jr.,floresdustin@example.net,South,Consumer,2023-01-31,1,4,12503.99
CUST-452474,Jason Leblanc,victoria09@example.com,North,Consumer,2024-02-02,0,20,63120.58
CUST-426353,Theresa Francis,wwilliams@example.net,Central,Corporate,2025-02-06,0,5,16255.11
CUST-432737,Lisa Davila,joshuaburch@example.com,South,Consumer,2024-08-27,1,10,57341.93
CUST-479521,John Williams,matthewbrown@example.net,South,Corporate,2024-05-31,1,10,20203.03
CUST-105295,Charles Yang,karina54@example.com,South,Home Office,2025-01-01,0,9,23431.71
CUST-485441,Audrey Hamilton,amberturner@example.org,North,Corporate,2024-01-27,0,16,44363.15
CUST-484060,Brenda Pugh,bjackson@example.org,South,Home Office,2024-02-06,0,15,49454.97
CUST-025456,Michael Powell,christinawoods@example.org,Central,Corporate,2025-08-02,0,6,1625.29
CUST-489366,Autumn Martin,heather41@example.org,North,Consumer,2025-01-26,0,8,15326.69
CUST-202514,Julia Smith,bwalker@example.org,Central,Corporate,2025-07-25,0,5,13412.49
CUST-277469,Hailey Martinez,michelejones@example.org,Central,Home Office,2025-12-28,0,9,34994.53
CUST-112121,Jon Brown,manuel81@example.org,North,Consumer,2026-06-11,0,15,23881.43
CUST-589443,Natalie Schroeder,mark21@example.com,West,Corporate,2023-03-23,0,15,32814.38
CUST-400432,Aaron Simon,carol10@example.org,North,Consumer,2024-08-13,0,8,28701.71
CUST-859962,Carol Anderson,adamanderson@example.com,North,Consumer,2024-09-21,0,3,1623.14
CUST-691564,Melissa Dixon,carol82@example.net,North,Corporate,2024-10-12,0,10,23028.2
CUST-368362,Corey Webb,mcdanielbrandon@example.org,West,Home Office,2023-12-31,1,9,32867.02
CUST-021788,Brandy Savage,armstrongmargaret@example.net,North,Home Office,2023-07-17,0,11,34441.37
CUST-405644,Kristen Levy,sandra99@example.org,North,Consumer,2024-04-29,0,9,11377.2
CUST-128406,Christopher Sanchez,scott24@example.net,South,Home Office,2024-02-11,1,7,31835.76
CUST-550994,Jennifer Gutierrez,qlee@example.org,North,Home Office,2026-05-02,0,12,87915.42
CUST-475289,Timothy Parker,garciaderek@example.org,South,Corporate,2023-01-12,0,9,46174.56
CUST-395882,Melissa Williams,brownhannah@example.net,West,Corporate,2023-12-11,0,10,76293.06
CUST-582259,Donald Smith,briansellers@example.org,West,Consumer,2023-03-04,0,11,1706.61
CUST-437398,Elizabeth Jones,ucook@example.com,South,Home Office,2025-04-13,0,14,61034.37
CUST-843493,Amanda Armstrong,rogersjared@example.net,South,Corporate,2025-03-14,0,8,36092.47
CUST-193180,Barbara Thompson,anna95@example.net,West,Consumer,2022-08-22,0,6,4853.19
CUST-461493,Lindsay Gonzalez,blakelinda@example.com,West,Home Office,2026-07-04,1,6,7502.14
CUST-365968,Dustin Green,tateamanda@example.com,West,Home Office,2025-01-11,1,7,26213.04
CUST-069974,Jason Shelton,tcook@example.org,North,Home Office,2023-03-31,0,12,22893.19
CUST-112030,Debra Odom,joseadams@example.net,East,Corporate,2025-12-26,0,9,3206.55
CUST-246116,Michael Ray,wardelizabeth@example.net,West,Home Office,2022-08-15,0,8,22310.82
CUST-452646,Brett Parker,kristin70@example.net,West,Corporate,2024-07-24,0,16,26535.93
CUST-143564,Ryan Flores,joan49@example.net,East,Corporate,2025-06-23,0,11,12342.16
CUST-134255,Amanda Morris,walkeredward@example.org,East,Consumer,2023-06-06,0,11,49667.18
CUST-625670,Justin Thompson,jennifer18@example.net,Central,Home Office,2026-03-09,0,10,18508.16
CUST-927636,Thomas Martinez,donaldkirk@example.com,Central,Corporate,2026-02-17,0,13,23745.88
CUST-768696,Charles Johnson,bgould@example.com,East,Corporate,2023-01-17,1,7,27116.03
CUST-319342,Jeffrey Crosby,rgutierrez@example.com,Central,Corporate,2025-07-17,0,10,28944.62
CUST-982848,Jason Taylor,christyeaton@example.net,East,Consumer,2024-08-14,0,14,38930.5
CUST-072663,Kristin Chambers,ycannon@example.com,Central,Corporate,2025-12-16,1,10,27294.43
CUST-321372,Marc Mullen,brosario@example.com,West,Home Office,2024-11-04,0,7,8624.23
CUST-120859,Catherine Jackson,ywinters@example.org,South,Home Office,2025-04-18,1,9,18583.78
CUST-893419,Matthew Gutierrez,benjaminsmith@example.net,East,Corporate,2026-02-02,1,15,26409.45
CUST-253396,Henry White,robertramirez@example.com,Central,Corporate,2025-06-14,0,7,5775.91
CUST-786869,George Hansen,williamsimpson@example.com,East,Consumer,2025-04-30,0,9,69920.08
CUST-242393,Billy Webb,sarahcarter@example.net,East,Consumer,2023-04-22,0,11,9904.99
CUST-118466,Kristin Chavez,lorilopez@example.com,Central,Consumer,2023-12-06,1,8,6378.6
CUST-397285,Dominic Taylor,catherineadams@example.com,Central,Consumer,2025-03-27,0,9,47430.4
CUST-277529,Jenny Santana,nathanielchavez@example.com,South,Home Office,2024-11-09,0,14,25945.08
CUST-160072,Jonathan Wilson,nweiss@example.net,East,Consumer,2025-04-06,1,5,11964.13
CUST-075747,Kylie Durham,bmoreno@example.com,Central,Home Office,2024-11-21,1,12,37452.34
CUST-590785,Ms. Kelly Cantu DVM,bbarnes@example.net,West,Home Office,2023-10-11,0,11,8374.03
CUST-044649,Casey Sosa,lukeellis@example.com,North,Consumer,2026-06-08,0,9,46952.86
CUST-116573,Rachel Powell,yadams@example.net,Central,Home Office,2025-01-13,0,8,12465.72
CUST-547168,Gary Dennis,barnettwendy@example.org,Central,Home Office,2024-03-21,0,7,17151.5
CUST-484837,James Rivers,qhughes@example.com,East,Corporate,2024-11-15,0,13,40047.54
CUST-296400,Lisa Thornton,andrewsandrea@example.net,West,Consumer,2023-02-01,0,16,24572.31
CUST-310956,Vincent Farley,ericramsey@example.net,West,Corporate,2026-05-23,0,6,9902.9
CUST-949023,Catherine Hudson,shannon47@example.net,North,Home Office,2026-01-27,0,12,66891.83
CUST-148351,Joann Campbell,kelly76@example.org,East,Home Office,2024-04-21,1,2,1117.52
CUST-457665,Mrs. Elizabeth Lewis DVM,ricediana@example.net,Central,Home Office,2023-06-22,0,9,29058.72
CUST-217330,Taylor Moore,rachellevine@example.net,South,Home Office,2023-04-14,0,12,58611.33
CUST-079053,Paul Montgomery,guerrerodalton@example.com,West,Corporate,2024-04-26,1,13,39135.64
CUST-339581,Melinda Wilson,nicoleaustin@example.net,Central,Consumer,2024-06-10,0,8,4045.11
CUST-264427,Angela Ball,shieldsjean@example.com,North,Corporate,2023-01-29,0,9,22932.64
CUST-264603,Jasmin Little,andrewgibson@example.org,Central,Consumer,2023-09-08,1,15,49394.06
CUST-321230,Courtney Smith,gonzalezjames@example.net,West,Consumer,2024-06-22,1,12,41447.02
CUST-525633,Jose Dalton,nathananderson@example.org,North,Corporate,2026-05-12,1,4,3125.81
CUST-985574,Michael Wood,sean59@example.net,North,Corporate,2023-11-06,1,5,10786.48
CUST-386890,Timothy Wright,kathryn35@example.com,North,Consumer,2023-02-03,0,5,17027.58
CUST-408727,Taylor Burns,browndennis@example.net,North,Home Office,2026-04-26,0,13,41722.63
CUST-517396,Mark Mcdonald,amy86@example.org,South,Consumer,2024-08-01,1,12,43337.1
CUST-211709,Jamie Jones,carrie38@example.net,West,Corporate,2026-02-12,0,11,34513.83
CUST-749566,Richard Taylor,kayla23@example.org,East,Consumer,2024-08-06,0,13,50862.88
CUST-467530,Cody Skinner,uwilliams@example.net,West,Corporate,2025-03-10,1,13,17355.33
CUST-326905,John Martinez,rbarry@example.com,West,Corporate,2023-07-09,0,11,18823.44
CUST-970951,Tony Diaz,jmclaughlin@example.com,Central,Corporate,2024-09-26,0,15,10119.91
CUST-948890,Adrian Reynolds,jenkinscynthia@example.org,South,Consumer,2025-10-24,1,7,38239.75
CUST-445132,Sarah Leon,kevin10@example.com,West,Corporate,2022-08-28,0,13,29101.93
CUST-063353,Joshua Ramos,jillpena@example.com,East,Home Office,2023-09-15,0,9,31606.11
CUST-961069,Anthony Ramirez,rachellewis@example.net,East,Home Office,2025-12-30,0,10,73368.73
CUST-359337,Jennifer Barber,belldavid@example.org,South,Home Office,2026-06-18,0,8,39849.65
CUST-999065,Crystal Owens,skinnerdiana@example.com,North,Corporate,2023-01-04,0,13,16700.49
CUST-937191,Patricia Jackson,ttorres@example.net,East,Consumer,2024-04-10,0,13,39623.27
CUST-575686,Nicole Burns,marygreen@example.org,Central,Corporate,2026-03-09,1,9,39304.9
CUST-166970,Brian Garrett,tammygonzales@example.net,East,Home Office,2024-05-14,0,15,44217.49
CUST-967722,William Hubbard,thompsonsydney@example.net,West,Consumer,2026-07-08,0,7,18058.13
CUST-994235,Patrick Mason,ochen@example.com,South,Consumer,2026-03-15,0,7,16173.07
CUST-126851,Phillip Hopkins,josephzachary@example.com,Central,Consumer,2023-04-23,0,7,13402.13
CUST-729149,Kathleen Richards,elizabethjames@example.org,South,Corporate,2022-08-18,0,7,23966.09
CUST-943330,Daniel Hall,uhale@example.net,South,Consumer,2024-03-06,0,10,48337.05
CUST-073109,Christopher Vargas,ericwalton@example.net,West,Home Office,2024-11-26,0,12,33125.68
CUST-746902,Derek Mcmillan,kmonroe@example.net,South,Home Office,2025-11-24,0,12,35614.82
CUST-647212,Brandi Lewis,lclayton@example.net,Central,Corporate,2023-01-09,1,13,16905.3
CUST-845657,Michelle Smith,nelsonrussell@example.org,East,Corporate,2026-03-07,1,5,27174.35
CUST-351653,Carl Martinez,kristopherfowler@example.net,Central,Home Office,2024-01-07,0,8,20187.08
CUST-953469,Deborah Roman,peggylevy@example.org,East,Home Office,2023-11-18,1,9,50864.41
CUST-737677,Marisa Ferguson,kevin99@example.com,East,Consumer,2024-07-04,1,10,22745.15
CUST-581746,Connor Clark,sarah63@example.com,South,Consumer,2023-06-16,1,9,36812.76
CUST-742010,Scott Lewis,emilythomas@example.org,East,Home Office,2026-01-20,0,11,10756.52
CUST-840628,Melissa Wilkinson,leonard87@example.org,North,Home Office,2026-02-07,0,9,33693.14
CUST-138783,Roger Jackson,gabriellatorres@example.org,South,Corporate,2024-06-04,0,14,90815.79
CUST-372044,Darren Garcia,brucearnold@example.com,South,Home Office,2022-07-22,0,13,39555.71
CUST-132471,Lisa Durham,marybarker@example.net,West,Corporate,2023-11-12,0,4,3495.17
CUST-796467,Christian Allen,simpsonjennifer@example.net,North,Consumer,2022-11-26,0,7,7281.61
CUST-457108,Joel Morgan,rroberson@example.net,West,Consumer,2023-05-05,1,6,5994.1
CUST-263901,Teresa Ballard,breid@example.org,West,Corporate,2024-05-10,0,16,82483.68
CUST-755362,Dr. Steven White,jessica26@example.net,North,Consumer,2024-02-05,0,7,10038.74
CUST-435224,Jon Hawkins,mark33@example.com,Central,Corporate,2025-08-01,0,10,28334.62
CUST-921017,Walter Smith,smithemily@example.com,North,Home Office,2023-05-07,0,14,31948.09
CUST-967522,Dana Irwin,rick79@example.org,South,Home Office,2025-01-31,0,17,26875.82
CUST-713297,Andrea Hudson DVM,katelyn24@example.com,South,Corporate,2024-08-05,1,15,28869.32
CUST-538560,Jacqueline Campbell,scott91@example.org,East,Corporate,2023-01-03,0,15,24340.88
CUST-757809,Anthony Gregory,salaslevi@example.com,North,Corporate,2023-09-11,0,6,24775.07
CUST-518557,Amber Rodriguez,pamelahopkins@example.net,South,Corporate,2024-12-14,0,13,30991.24
CUST-885319,Wendy Townsend,david35@example.org,South,Corporate,2024-03-04,0,13,61492.24
CUST-520192,Larry Brown,fernandezmary@example.net,East,Home Office,2025-09-04,0,14,23119.34
CUST-519167,Jillian Hebert,johnware@example.net,Central,Corporate,2024-12-03,0,13,21114.39
CUST-580065,Steven Cooper,pmartin@example.org,South,Home Office,2022-10-15,0,6,41389.88
CUST-646294,Kim Mcintyre,sheltonjaclyn@example.org,West,Corporate,2026-04-02,0,13,21223.52
CUST-614431,Patricia Callahan,qpeters@example.net,East,Home Office,2024-03-23,0,8,17088.14
CUST-337512,Marcus Santiago,stevenmartin@example.net,North,Corporate,2025-04-20,0,10,18154.07
CUST-109849,Dr. Brittney Smith,newtoncynthia@example.net,South,Corporate,2023-04-12,0,11,33128.99
CUST-711948,Nancy Smith,ryan71@example.net,West,Consumer,2025-05-25,1,11,73086.98
CUST-342502,Jeffrey Smith,phillipbernard@example.org,Central,Home Office,2026-06-14,0,9,21444.26
CUST-201123,David Powell,katherine41@example.net,West,Corporate,2024-08-20,1,15,19844.47
CUST-053234,Phillip Jackson,dana56@example.org,Central,Corporate,2025-07-26,0,12,32667.36
CUST-661039,Donna Thomas,fbrown@example.net,Central,Corporate,2025-07-16,0,12,39504.13
CUST-155013,Kelly Williams,mcmillanmiguel@example.org,West,Home Office,2024-03-19,0,11,50526.15
CUST-653619,Anthony Reid,mcarrillo@example.net,East,Home Office,2025-12-16,0,10,33914.58
CUST-857283,Nicholas Davis,brooke54@example.net,North,Corporate,2023-06-05,0,5,3355.93
CUST-776049,Priscilla Myers,nwilliams@example.org,Central,Home Office,2024-03-06,1,10,24893.91
CUST-045773,Dr. Gregory Nguyen,vparker@example.net,South,Consumer,2022-07-22,0,12,23692.76
CUST-714442,Jennifer Murphy,dlewis@example.com,Central,Home Office,2022-07-17,0,6,11119.09
CUST-870123,Debra Gutierrez,christophermaldonado@example.org,West,Home Office,2025-10-27,0,19,62932.06
CUST-945568,Gregory Briggs,tracy57@example.org,East,Home Office,2024-09-01,0,13,68723.68
CUST-922997,Teresa Matthews,alejandro00@example.com,South,Home Office,2022-12-14,0,9,16844.23
CUST-339721,Kathleen Maxwell,swade@example.org,Central,Corporate,2024-03-03,0,10,42426.61
CUST-337109,Angel Thomas,cwallace@example.org,North,Corporate,2024-11-19,0,7,7771.96
CUST-672825,Cheryl Solomon,williamskristen@example.net,East,Consumer,2024-10-10,1,9,20925.14
CUST-720922,Ann Moore,daviddavis@example.com,North,Corporate,2026-05-05,0,11,38001.67
CUST-461991,Karen Duncan MD,skeith@example.com,West,Corporate,2025-07-07,0,10,24336.24
CUST-722076,Trevor Riggs,john10@example.org,South,Home Office,2026-01-10,0,9,23690.12
CUST-809489,Claudia Choi,alexanderashley@example.org,North,Corporate,2026-03-22,0,16,56355.53
CUST-178202,Monica Adams,katherine55@example.com,Central,Consumer,2023-04-10,0,5,13162.63
CUST-346581,Katie Wu,lucasteresa@example.net,Central,Corporate,2023-03-03,0,12,48115.68
CUST-837670,Christina Turner,tonya50@example.com,East,Corporate,2023-07-08,0,10,33052.47
CUST-718885,Alexandra Evans,richard83@example.com,North,Corporate,2024-12-05,0,16,35908.56
CUST-113222,Brandon Kirk,thompsonmary@example.com,East,Corporate,2026-05-28,0,9,5662.91
CUST-706601,Charles Le,lisahorton@example.net,East,Consumer,2026-04-21,0,5,33103.76
CUST-587319,Gina Whitney,john31@example.org,East,Corporate,2023-03-07,0,9,29775.21
CUST-211764,Debra Davis,ltorres@example.com,Central,Corporate,2023-11-16,0,9,17247.39
CUST-887657,John Brown,gclayton@example.com,Central,Corporate,2023-12-17,0,16,41548.7
CUST-391892,Jamie Lopez,stefaniemurray@example.net,Central,Consumer,2025-11-17,1,8,45778.17
CUST-846748,Heather Wheeler,lawrencebethany@example.com,West,Consumer,2026-05-21,0,13,10580.57
CUST-540487,James Greer,granteric@example.org,West,Corporate,2026-02-24,0,15,43543.65
CUST-750309,Derek Hanson,reedcarlos@example.org,North,Corporate,2024-11-14,1,5,13921.39
CUST-477964,Christopher Jones,william29@example.org,West,Corporate,2023-03-29,0,13,55875.57
CUST-936656,Michael Green,cscott@example.org,East,Consumer,2023-11-30,1,7,33331.42
CUST-557200,Ashley Moon,bvillarreal@example.com,East,Corporate,2025-01-11,0,5,28956.24
CUST-558232,Katherine Johnson,dmendoza@example.org,North,Consumer,2026-06-02,0,20,92253.72
CUST-478021,Troy Steele,staffordjessica@example.com,North,Corporate,2024-10-09,0,8,5343.46
CUST-707422,Douglas West,gbrown@example.com,North,Consumer,2025-06-16,0,9,22662.07
CUST-287356,Taylor Carter,brandongreene@example.org,East,Consumer,2023-03-02,0,10,59614.76
CUST-162309,Ricky Molina,qcox@example.org,South,Home Office,2025-12-14,0,7,69765.78
CUST-503635,Erin Logan,johnsonheather@example.net,West,Corporate,2025-11-15,1,9,24305.77
CUST-374837,Kevin Melton,elizabethdominguez@example.com,West,Consumer,2023-03-03,0,13,78331.75
CUST-951226,Traci Hernandez,johnsonsheri@example.org,West,Corporate,2025-12-07,1,10,36802.53
CUST-712668,Mark Marquez,ramirezgina@example.com,South,Home Office,2023-11-13,0,7,63361.8
CUST-548390,Sara Harrell,olee@example.org,South,Home Office,2022-09-17,1,7,5988.44
CUST-942629,Rhonda Andrews,hopkinsluis@example.com,Central,Corporate,2024-10-24,0,12,39817.92
CUST-353254,Lauren Lang,ralphroman@example.net,North,Home Office,2024-01-11,0,11,33337.95
CUST-893452,Amy Terrell,oedwards@example.net,South,Consumer,2026-04-11,0,6,18987.86
CUST-954133,John Hampton,rachelanderson@example.net,South,Corporate,2025-09-29,0,6,26954.23
CUST-937477,Robert Jordan,kevinhorn@example.net,West,Consumer,2023-11-07,0,15,61461.44
CUST-315189,Lisa Flores,marcia74@example.org,North,Home Office,2022-12-21,1,8,20012.53
CUST-896748,Susan Rodgers,john57@example.org,South,Consumer,2022-12-16,0,8,35767.39
CUST-053666,David Norman,sandersbrenda@example.com,West,Home Office,2023-10-19,0,7,11703.34
CUST-050529,Jose Carr,oburke@example.com,North,Home Office,2022-11-14,0,11,33309.66
CUST-689101,Joseph Harrison,djordan@example.org,South,Home Office,2025-02-09,0,20,54989.87
CUST-823345,Martha Garcia,brittanyortiz@example.net,South,Corporate,2024-12-11,0,8,9888.15
CUST-868703,Patricia Graham,vcross@example.net,Central,Corporate,2025-01-07,1,12,30318.8
CUST-014475,Benjamin Ellis,nduncan@example.net,North,Home Office,2024-05-14,0,13,26105.03
CUST-296529,Matthew Williams,sfitzgerald@example.org,East,Home Office,2026-02-21,0,13,15559.84
CUST-093957,Bruce Washington,pwatkins@example.com,West,Consumer,2022-09-15,0,9,14533.45
CUST-558653,Charles Golden,pottsmegan@example.com,South,Home Office,2024-05-20,0,10,23733.95
CUST-590483,Reginald Myers,tclark@example.com,Central,Home Office,2022-09-30,0,12,33238.73
CUST-702943,Jo Pierce,wball@example.com,West,Corporate,2025-12-10,1,9,24006.67
CUST-537220,Carrie Chapman,bennettcynthia@example.net,East,Consumer,2024-09-22,0,10,27700.63
CUST-713309,Jennifer Taylor,william24@example.org,West,Corporate,2023-06-11,0,9,17516.75
CUST-104551,Michael Merritt,julieortiz@example.net,North,Corporate,2024-12-09,0,12,5478.59
CUST-578047,Kelly Petersen,grace77@example.net,Central,Consumer,2025-07-30,0,9,20226.63
CUST-131340,Jessica Nelson,heidilewis@example.com,West,Corporate,2024-11-08,0,11,24588.85
CUST-402265,Nicole Sanchez,ryan71@example.net,South,Corporate,2026-02-19,1,11,41492.17
CUST-393683,Chloe Castro,sarahreese@example.org,East,Corporate,2023-04-03,0,12,27484.95
CUST-891392,Jason Martin,hfletcher@example.org,East,Consumer,2022-09-22,0,14,56057.01
CUST-926452,Stephanie Harrington,amandaburke@example.org,West,Corporate,2023-12-14,0,14,14569.96
CUST-315556,Peter Jackson,tpitts@example.net,Central,Consumer,2025-07-20,0,8,45910.53
CUST-474268,Kenneth Mccormick,alan47@example.net,West,Home Office,2024-09-03,0,8,27488.77
CUST-626770,Stanley Kelly,harrisonjoseph@example.org,Central,Corporate,2024-10-01,0,6,30936.81
CUST-598409,Carol Goodman,jessicafitzgerald@example.net,Central,Home Office,2025-11-01,0,7,37412.05
CUST-076360,Scott Sandoval,fford@example.net,West,Corporate,2025-04-15,0,11,18470.9
CUST-402555,Timothy Montgomery,samantha21@example.net,Central,Consumer,2024-03-17,0,3,869.9
CUST-375530,Craig Davis,jordangabriel@example.org,North,Corporate,2024-06-26,0,15,33274.31
CUST-919134,Harold Gray,wilsonshannon@example.com,South,Home Office,2022-10-20,0,8,10338.81
CUST-446338,Tami Jones,guerramichael@example.net,North,Consumer,2022-11-14,0,5,21234.14
CUST-661921,David Weber,ffloyd@example.org,South,Corporate,2023-05-21,0,9,26323.81
CUST-924164,Jennifer Gill,leejulie@example.org,North,Home Office,2022-10-15,0,13,57234.38
CUST-153727,Danielle Hill,evelynstrickland@example.net,North,Home Office,2025-03-09,1,7,15255.63
CUST-813428,Richard Garza DDS,phyllissavage@example.org,Central,Home Office,2023-12-28,0,9,27285.93
CUST-331341,Stacie Graham,simmonskathleen@example.net,East,Home Office,2023-11-21,0,10,24079.19
CUST-632131,Stephanie Fitzpatrick,marissa98@example.org,West,Corporate,2023-05-26,0,12,33707.56
CUST-544599,Jeffery Preston,qsherman@example.com,South,Home Office,2025-04-26,1,8,4492.09
CUST-218689,Ashley Pineda,jodi61@example.org,West,Consumer,2026-01-28,1,16,48439.85
CUST-356447,Stephen Fitzpatrick,wbennett@example.net,West,Corporate,2022-07-14,1,12,21093.6
CUST-572022,Rodney Douglas,osolis@example.com,West,Home Office,2023-02-04,0,14,25676.57
CUST-751178,Michael Sanders,dsexton@example.net,East,Home Office,2022-08-08,0,10,15056.46
CUST-075918,Kayla Rios,twhite@example.com,South,Corporate,2025-07-16,0,9,15876.81
CUST-028081,Kevin Phillips,gbecker@example.net,South,Consumer,2023-08-10,0,5,7517.9
CUST-537611,Monica Henderson,randall54@example.com,South,Consumer,2025-04-06,0,9,21770.91
CUST-555192,Justin Davis,laurashea@example.com,Central,Corporate,2023-12-13,0,15,19349.97
CUST-598174,Casey Richardson DDS,christina74@example.net,North,Corporate,2023-02-11,0,10,38168.15
CUST-182787,Ann Turner MD,smithtristan@example.org,West,Corporate,2023-03-29,1,16,39997.71
CUST-663077,Anthony Bell,nballard@example.org,West,Home Office,2025-01-03,0,8,17646.24
CUST-684458,Monica Rogers,omoss@example.org,North,Home Office,2024-01-14,0,6,19474.72
CUST-668739,Jacob Sanchez,mfisher@example.net,South,Corporate,2024-10-29,0,7,6362.25
CUST-835543,Brittany Lucas,wrogers@example.com,North,Consumer,2024-10-02,1,14,19147.19
CUST-741840,Jessica Woods,woodpenny@example.com,West,Consumer,2023-03-19,0,12,17572.78
CUST-983880,Henry Fritz,pearsonmegan@example.org,East,Corporate,2024-05-28,1,9,6745.32
CUST-660677,Joshua Smith,elizabethharper@example.net,West,Home Office,2023-12-30,1,6,66349.34
CUST-020554,Katelyn Tucker,bartletttammy@example.org,North,Home Office,2025-03-10,0,10,13917.01
CUST-186420,Janice Sexton,andersenjoshua@example.com,North,Consumer,2025-03-08,0,9,24657.61
CUST-817719,Douglas Kelly,jsalinas@example.org,South,Consumer,2023-10-18,0,10,45741.82
CUST-064761,Jessica Ruiz,meagangilbert@example.org,West,Home Office,2025-02-17,0,11,51762.69
CUST-801753,Glenda Davis,nwalter@example.com,West,Corporate,2023-10-10,0,10,12982.24
CUST-262672,Daniel Erickson,andrew52@example.com,North,Home Office,2025-04-20,0,6,23649.57
CUST-261367,Travis Duffy,markjackson@example.org,South,Corporate,2025-04-28,0,7,33542.69
CUST-260803,Christopher Wagner,scottgarza@example.com,East,Consumer,2024-10-22,0,12,34066.11
CUST-845149,Lisa Harper,nicholas85@example.net,North,Consumer,2024-05-18,0,19,23114.75
CUST-029932,Justin Hughes,brandonromero@example.net,Central,Corporate,2024-02-20,0,7,12799.05
CUST-465100,Jeffery Snyder,nicholasgaines@example.net,South,Consumer,2023-10-21,0,7,40191.45
CUST-368606,John Guerrero,ubrewer@example.org,South,Consumer,2026-04-14,1,17,57777.86
CUST-916066,Daniel Gray,jennastark@example.org,South,Consumer,2023-11-03,1,15,28840.28
CUST-104358,Matthew Gardner,smccormick@example.com,East,Consumer,2025-07-05,0,11,24707.83
CUST-787183,Elizabeth Franco,yscott@example.com,West,Corporate,2023-05-31,0,5,29094.33
CUST-296450,Curtis Baldwin,catherinelee@example.com,Central,Consumer,2023-07-03,0,5,37653.44
CUST-215725,Joseph Erickson,bakermichael@example.org,North,Consumer,2023-09-09,1,5,1601.55
CUST-431985,Joseph Cordova,amandamiddleton@example.org,West,Consumer,2024-02-12,0,14,59089.31
CUST-472035,Amber Herring,huntdesiree@example.org,North,Consumer,2025-07-13,1,12,19221.53
CUST-504887,Carol Alexander,frodriguez@example.net,East,Corporate,2025-08-09,1,15,63401.76
CUST-432772,Kyle Gonzalez,amandahardin@example.com,East,Home Office,2023-08-13,0,6,32706.08
CUST-977571,James Hoover,burnssandra@example.org,West,Consumer,2025-11-27,1,10,36021.91
CUST-388906,Dylan Rasmussen,yorkjennifer@example.com,East,Consumer,2026-02-11,1,8,23342.46
CUST-949912,John Warren,timothy03@example.org,North,Consumer,2023-08-22,0,4,45043.75
CUST-573900,Robin Smith,colemanmegan@example.net,South,Home Office,2024-12-21,0,9,21766.49
CUST-054922,Jason Franklin,flewis@example.com,East,Corporate,2025-02-10,0,6,9667.17
CUST-732027,Brian Combs,bankssharon@example.com,Central,Consumer,2024-08-15,1,9,30702.85
CUST-144592,Charles Garcia,brian51@example.net,East,Corporate,2022-09-08,0,15,17518.59
CUST-116860,Ian Jackson,leeyolanda@example.net,East,Consumer,2025-09-05,1,14,9109.43
CUST-235629,Charles Maddox,caitlinbrown@example.net,North,Corporate,2025-12-29,0,10,24802.94
CUST-550171,Nicole Mathews,erinrobinson@example.org,North,Consumer,2026-01-24,1,7,36273.02
CUST-836652,Joe Williams,nstephens@example.com,North,Consumer,2026-01-18,0,12,49822.87
CUST-168088,Margaret Lopez,stewartkevin@example.net,North,Consumer,2023-06-19,0,4,3350.88
CUST-094743,Daniel Serrano,jonesmark@example.net,West,Consumer,2026-01-15,0,10,29356.62
CUST-924166,Rhonda Smith,townsendvanessa@example.net,East,Corporate,2025-03-22,0,19,24388.14
CUST-502118,Olivia Gonzalez,fhudson@example.com,Central,Consumer,2024-02-01,0,9,53527.52
CUST-879735,Anne Davis,ywright@example.org,West,Corporate,2026-04-09,0,8,45410.92
CUST-531328,Nicole Ward,xsmith@example.net,East,Consumer,2026-02-14,0,7,8750.96
CUST-435212,David Morris,brownangela@example.net,South,Corporate,2024-02-14,0,11,20103.31
CUST-777959,Kyle Fletcher,robert24@example.net,West,Corporate,2024-04-30,0,4,1212.05
CUST-912373,Jeffrey Wilson,aaronsmith@example.net,Central,Consumer,2026-03-03,0,12,30063.09
CUST-351988,Sara Harrison,sean29@example.org,West,Home Office,2022-10-25,0,8,15782.61
CUST-402250,Timothy Alvarado,dawntaylor@example.net,Central,Consumer,2024-10-21,0,8,23054.43
CUST-318801,Nancy Hernandez,moorebarbara@example.org,South,Consumer,2022-09-22,0,12,39483.22
CUST-893931,Robert Davis,nwilliams@example.net,East,Corporate,2024-05-11,1,8,25017.71
CUST-197961,Laura Good,smithjames@example.net,Central,Home Office,2023-04-20,0,9,17563.0
CUST-636837,Calvin Boone,qmorris@example.net,East,Consumer,2025-02-05,1,13,21970.43
CUST-075875,Tina Hicks,eric75@example.com,South,Home Office,2025-09-13,0,6,5946.91
CUST-866143,Kayla Green,katrina26@example.com,North,Consumer,2022-09-21,0,12,37422.67
CUST-369867,Charles Ward,frankbeard@example.net,East,Corporate,2025-03-13,1,12,23685.87
CUST-263770,Mary Brooks,scottkent@example.net,West,Home Office,2023-07-04,0,11,29421.42
CUST-148338,Valerie Rowe,rodriguezdavid@example.org,Central,Home Office,2023-10-26,0,13,21332.82
CUST-247002,Taylor Chase,hjackson@example.com,North,Consumer,2025-05-11,0,11,51841.39
CUST-810993,David Cook,travis55@example.org,Central,Corporate,2022-10-20,0,16,62388.82
CUST-466403,Amy Olson,longchristina@example.net,South,Corporate,2024-09-22,0,13,21622.95
CUST-772220,Antonio Jacobs,david10@example.org,Central,Home Office,2023-09-12,0,12,31918.97
CUST-134266,Cody Ellison,wendy91@example.com,South,Consumer,2025-05-14,1,5,22498.62
CUST-120833,Katherine Conrad,alvarezronald@example.org,West,Home Office,2023-03-09,0,16,66552.19
CUST-633310,Jennifer Steele,johntaylor@example.org,West,Corporate,2026-01-14,0,3,1864.34
CUST-851606,Stephanie Johnson,jane54@example.net,Central,Corporate,2025-12-19,0,14,49725.68
CUST-558845,Robert Williams,xtaylor@example.net,West,Home Office,2025-11-18,0,12,5208.84
CUST-409759,Amber Armstrong,pblake@example.net,Central,Home Office,2025-10-17,0,12,6339.45
CUST-194912,Gregory Smith,sharon77@example.com,South,Consumer,2024-02-04,1,7,31593.7
CUST-062815,Ryan Coffey,kchambers@example.net,East,Home Office,2025-01-22,0,8,31665.47
CUST-033324,Sheila Jenkins,newtonashley@example.org,North,Home Office,2024-09-08,0,15,30204.37
CUST-544157,Dana Jones,drakestuart@example.com,North,Consumer,2023-12-23,0,12,61629.89
CUST-125343,Gregory Collins,rossalexander@example.net,West,Home Office,2023-04-12,0,14,12467.42
CUST-021660,Sandra Neal,morenojessica@example.org,East,Home Office,2025-05-01,1,24,86236.92
CUST-798083,Stephen Mclaughlin,robertobass@example.org,East,Corporate,2024-08-02,0,17,83578.94
CUST-692377,Philip Gibson,lori57@example.net,East,Corporate,2023-06-04,0,14,60656.24
CUST-604944,Mark Hoffman,jaredavila@example.org,Central,Corporate,2026-03-05,0,9,18054.74
CUST-513518,Dustin Phelps,joshua32@example.net,Central,Consumer,2025-08-08,1,7,7136.27
CUST-820003,Jonathan Campos,torreschristopher@example.net,South,Corporate,2024-08-08,0,7,21640.71
CUST-439624,Stacey Cochran,michael89@example.org,West,Consumer,2025-01-15,0,9,30400.19
CUST-453828,James Jordan,kruiz@example.com,North,Corporate,2025-10-12,1,8,32601.34
CUST-087222,Robert Cobb,chambersjason@example.org,South,Corporate,2023-05-23,0,11,24806.64
CUST-589641,Tiffany Martinez,lisa60@example.org,South,Home Office,2023-08-09,0,18,29950.99
CUST-269772,Janet Riley,zwest@example.org,West,Corporate,2022-09-28,0,11,77208.47
CUST-235650,Cynthia Moreno,lewismichael@example.org,East,Home Office,2026-01-01,0,8,23587.97
CUST-621096,Robert Cook,moniquespencer@example.com,East,Corporate,2024-11-18,0,11,16599.27
CUST-961520,Thomas Zimmerman,daviesbridget@example.com,Central,Corporate,2025-02-18,0,6,13321.22
CUST-676924,Jamie Hamilton,joshuajames@example.net,West,Home Office,2024-03-29,1,10,52945.73
CUST-751725,Jake Thomas,jayjones@example.com,West,Home Office,2023-11-03,0,9,39429.2
CUST-316524,Jacob Martinez DVM,lowerymatthew@example.com,East,Home Office,2023-10-08,0,9,16494.58
CUST-716303,Paul Harper,samuel39@example.org,East,Corporate,2022-08-19,0,12,13182.65
CUST-322848,Alyssa Martin,bowenchristopher@example.com,Central,Home Office,2026-05-08,0,12,55125.83
CUST-085832,Katrina Marshall,abigaillong@example.com,North,Consumer,2024-02-22,1,7,38816.03
CUST-245943,Andrew Johnson,donald27@example.com,South,Consumer,2025-09-27,0,14,25567.45
CUST-616027,Dakota Cardenas,combssabrina@example.net,South,Home Office,2024-03-22,0,13,49103.33
CUST-470664,Joshua Figueroa,brianhenderson@example.net,West,Corporate,2024-03-13,1,9,8609.93
CUST-579875,Jennifer Nichols,schwartzjonathan@example.net,North,Home Office,2024-01-04,1,8,11871.31
CUST-728315,Timothy Peterson,joetanner@example.net,East,Consumer,2026-03-31,1,16,74706.27
CUST-094554,Lindsay Rhodes,terrence13@example.org,South,Corporate,2024-09-25,0,6,3834.83
CUST-471980,Alicia Wright,nperkins@example.org,South,Home Office,2025-09-21,0,7,22070.74
CUST-205177,Todd Chase,luke77@example.com,West,Home Office,2022-11-28,0,13,42805.58
CUST-509660,Kristi Mayo,olsonadrian@example.org,North,Corporate,2023-08-19,0,8,11839.27
CUST-127260,Lucas Conner,wrightjordan@example.com,West,Home Office,2025-11-27,1,9,16257.61
CUST-567485,Jonathan Stewart,justin54@example.net,Central,Consumer,2026-02-09,0,6,42172.79
CUST-746789,Reginald Powers,josephwilson@example.net,East,Home Office,2024-06-27,0,8,15259.24
CUST-159642,Carlos Romero,greenewesley@example.org,North,Home Office,2024-12-17,1,10,9864.09
CUST-154970,Laura Jones,steven56@example.org,North,Corporate,2025-03-10,0,10,24781.71
CUST-492088,Sarah Arellano,ogutierrez@example.com,East,Corporate,2024-10-15,0,13,12337.41
CUST-370708,Craig Mccoy,gonzalezjames@example.com,South,Corporate,2023-06-09,0,14,48442.91
CUST-468081,Rachel Morris,nelsonjennifer@example.com,West,Corporate,2023-11-18,0,10,16877.92
CUST-238767,Emily Schmidt,frankjacqueline@example.org,North,Consumer,2026-06-14,0,12,11017.99
CUST-091458,Michael Wiggins,lucaspenny@example.net,West,Consumer,2025-07-07,0,6,28234.43
CUST-768878,Sara Sims,cynthia21@example.org,West,Corporate,2024-11-09,1,12,47084.06
CUST-402376,Gregory Douglas,bernardwood@example.org,Central,Home Office,2025-04-28,0,10,5292.94
CUST-963570,Reginald Scott,wesleynguyen@example.com,South,Corporate,2023-02-11,0,12,33381.22
CUST-638590,Ashley Foster,eric63@example.com,South,Home Office,2023-11-17,0,9,40413.79
CUST-880429,Jamie Cruz,catherine37@example.org,North,Home Office,2025-03-23,1,13,35359.04
CUST-642484,Elizabeth Cook,tphillips@example.com,West,Corporate,2025-10-18,0,8,8583.72
CUST-970405,Mr. Juan Gomez,jonesmargaret@example.net,North,Home Office,2025-10-05,0,14,36343.72
CUST-685643,Vanessa Simpson,sawyereric@example.net,North,Consumer,2024-07-13,0,14,41933.51
CUST-375734,Dawn Tyler DVM,mfitzgerald@example.org,North,Home Office,2026-03-22,1,11,51837.08
CUST-389257,Lindsay Cook,powerschristopher@example.com,North,Consumer,2026-04-23,0,6,5906.82
CUST-874211,Sarah Carter,rhernandez@example.net,West,Consumer,2023-11-19,0,14,33381.93
CUST-771498,Tracey Harrington,alexawilson@example.com,Central,Consumer,2023-11-20,0,8,19912.64
CUST-469145,Robert Foley,bruce50@example.net,North,Home Office,2025-08-13,0,3,3779.17
CUST-845915,Annette Mitchell,pattongabrielle@example.com,South,Consumer,2022-12-08,0,10,57459.27
CUST-685399,Roger Rodriguez,dwalker@example.net,South,Corporate,2022-10-19,0,5,42424.04
CUST-328168,Timothy James,tiffanymurray@example.com,Central,Corporate,2025-02-08,0,7,21370.03
CUST-537522,Timothy Hunter DDS,mitchellstephanie@example.org,East,Home Office,2023-01-25,0,9,28886.23
CUST-696956,Martin Campbell,michaelmorales@example.net,East,Home Office,2026-04-19,1,10,19650.01
CUST-345647,Felicia Hernandez,jennifer97@example.net,Central,Corporate,2026-05-23,0,0,0.0
CUST-401300,Paul Hodges,ginahernandez@example.org,East,Consumer,2023-03-22,0,7,13999.79
CUST-610725,Garrett Goodwin,fbrown@example.com,East,Corporate,2024-03-13,1,10,20596.43
CUST-878752,Stephanie Wade,hcline@example.net,East,Home Office,2025-07-19,0,13,27053.46
CUST-939935,Patrick Caldwell Jr.,moniquegreene@example.net,North,Home Office,2023-11-07,0,10,43432.01
CUST-678897,Tina Cabrera,stricklandjennifer@example.net,East,Home Office,2025-04-12,0,10,17188.31
CUST-679216,Lindsay Mills,sperez@example.org,South,Consumer,2022-08-08,0,11,47808.82
CUST-102218,Philip Pierce,kingandrew@example.net,North,Corporate,2025-07-19,0,14,29261.69
CUST-909576,Ashley Williams,heatherskinner@example.org,East,Corporate,2023-10-15,0,9,19398.24
CUST-507595,Judith Sullivan,sylviareid@example.net,Central,Consumer,2022-08-18,0,14,67365.83
CUST-502233,Steven Montoya,rhondasuarez@example.com,South,Home Office,2025-08-08,0,8,36496.72
CUST-989064,Brian Lopez Jr.,ethankim@example.org,Central,Home Office,2025-05-05,1,10,26765.3
CUST-083712,Alison Johnson,mary26@example.com,East,Consumer,2024-04-14,0,9,5146.46
CUST-838408,Christopher Gilmore,katelynobrien@example.net,South,Corporate,2025-07-02,0,9,81228.81
CUST-919500,Theresa Gonzalez,gail62@example.net,South,Home Office,2022-09-29,0,8,45227.2
CUST-157976,Gary Mora,kmorris@example.net,North,Home Office,2023-04-23,0,8,35978.64
CUST-070012,Diana Salinas,spencermichelle@example.net,North,Home Office,2026-03-24,0,12,38780.77
CUST-944433,Michelle Anthony,pennycain@example.net,North,Home Office,2025-02-03,1,12,43618.78
CUST-707083,Christina Boyd,christophergrant@example.net,Central,Consumer,2024-06-30,0,8,19792.26
CUST-662938,Melvin Barrett,randalltaylor@example.org,North,Corporate,2024-01-15,1,14,58036.61
CUST-277826,Richard Brooks,samuel78@example.org,East,Home Office,2024-08-01,0,10,31321.11
CUST-986908,Jody White,jamesmclaughlin@example.com,South,Consumer,2025-03-14,1,11,46360.39
CUST-535027,Angela Robinson,qbond@example.net,East,Consumer,2022-11-25,0,9,21688.32
CUST-651281,Ryan Perez,kaitlynsalazar@example.org,South,Home Office,2024-06-09,0,9,30205.78
CUST-889945,Angela Cantrell,jacobperez@example.com,East,Home Office,2026-03-08,1,10,58768.34
CUST-074316,Betty James,kimstephen@example.net,North,Corporate,2023-04-27,0,11,24265.36
CUST-934635,Paul Gonzalez,leonkristin@example.org,Central,Home Office,2022-08-14,0,9,26474.05
CUST-340227,Laura Dennis,jwood@example.com,West,Corporate,2024-09-26,0,14,16477.54
CUST-178433,Jill Bradley,hartdaniel@example.org,Central,Consumer,2025-01-11,1,6,9033.87
CUST-688152,Melissa Reyes,pecktina@example.net,North,Home Office,2023-11-30,1,11,77603.53
CUST-050545,Courtney Savage,nicolaswalters@example.com,North,Home Office,2024-04-06,0,9,17052.98
CUST-856138,Jasmine Robinson,shannonkyle@example.org,Central,Home Office,2023-01-16,0,13,43839.93
CUST-150302,Stephen Johnson,michael70@example.net,Central,Home Office,2025-12-11,1,14,20302.15
CUST-541969,Jeremy Castillo,anna42@example.net,West,Corporate,2026-02-21,1,12,45567.7
CUST-722265,Cheyenne Harvey,qhancock@example.org,East,Corporate,2026-06-30,0,3,1468.51
CUST-409375,James Pena,vclark@example.com,East,Home Office,2024-10-14,0,8,71073.86
CUST-516368,Peter Bennett,hermanmelissa@example.org,Central,Corporate,2026-04-27,0,7,30220.65
CUST-953844,Kelly Flores,tuckerdanielle@example.org,Central,Consumer,2022-12-03,0,8,20258.2
CUST-110621,William Munoz,rolsen@example.org,East,Home Office,2023-09-13,0,7,4260.12
CUST-128744,Miss Shannon Hunter,steven31@example.net,South,Home Office,2026-01-29,1,8,6531.91
CUST-800516,Erica Small,michaelandrews@example.com,North,Home Office,2024-01-04,1,12,61389.88
CUST-195496,Drew Bennett,robert70@example.org,East,Consumer,2023-10-23,1,15,43813.45
CUST-644241,Harold Gould,judith15@example.net,Central,Consumer,2025-12-08,0,10,25797.24
CUST-516950,Carla Byrd,gonzalezjoel@example.org,West,Corporate,2026-06-08,1,15,69557.5
CUST-059686,Joseph Reid,john48@example.net,South,Corporate,2025-11-30,0,10,40435.62
CUST-585706,Sarah Wilson,santosjohn@example.org,Central,Home Office,2025-08-23,0,7,14994.97
CUST-876530,Jason Klein,williamsdouglas@example.org,Central,Corporate,2024-03-19,1,8,34158.4
CUST-873577,Mr. Kyle Cox,castroalexander@example.com,Central,Consumer,2025-12-18,0,14,66246.06
CUST-279055,Philip Gilbert,samuelhill@example.com,East,Consumer,2025-07-23,1,10,21981.27
CUST-705532,Marie Morrison,bgreene@example.org,East,Corporate,2026-06-26,0,8,13644.68
CUST-162843,Michelle Palmer,vazquezrhonda@example.org,East,Home Office,2025-01-01,0,5,11353.58
CUST-255154,Claire Sanchez,pbonilla@example.com,East,Home Office,2023-02-19,0,8,23655.46
CUST-778674,Anthony Harper,burnstiffany@example.net,South,Consumer,2025-05-11,1,12,36255.94
CUST-435671,Joyce Hudson,stephanie90@example.org,North,Consumer,2024-03-26,0,9,13669.87
CUST-460236,William Kelley,johnny79@example.org,West,Corporate,2023-01-21,0,12,54144.02
CUST-575986,Michael Braun,andrea79@example.net,West,Consumer,2026-03-21,1,12,27062.21
CUST-682055,Mark Cisneros,rcrawford@example.com,South,Home Office,2025-11-24,1,10,63713.0
CUST-020197,Kelly Nielsen,carlafrank@example.org,East,Home Office,2023-08-21,0,13,40978.61
CUST-557002,Jordan Harper,jhiggins@example.net,Central,Home Office,2025-11-05,0,11,15512.69
CUST-926195,Michael Nichols,aaronhuynh@example.org,East,Consumer,2024-01-13,0,4,1024.06
CUST-102989,Jennifer Howell,joseph46@example.org,Central,Home Office,2023-07-02,0,10,14927.94
CUST-434237,David Savage,josephhall@example.net,West,Home Office,2026-06-06,0,11,9141.37
CUST-423727,Sarah Ortiz,sbishop@example.net,East,Corporate,2022-10-22,0,8,56242.42
CUST-508206,Eric Martin,marytyler@example.com,East,Consumer,2023-04-22,0,12,35707.18
CUST-132517,Alyssa Warren,ihenry@example.com,South,Corporate,2024-02-02,0,4,34011.05
CUST-222288,Patricia Carlson,monica15@example.com,East,Consumer,2025-09-02,0,7,6332.11
CUST-109408,Timothy Anderson,beckypittman@example.net,North,Corporate,2025-04-26,0,12,34401.94
CUST-388521,Patrick Caldwell,zimmermanwilliam@example.net,Central,Corporate,2024-02-03,0,10,43904.2
CUST-715490,Amanda Gutierrez,fclark@example.org,East,Corporate,2026-02-20,0,13,26877.79
CUST-741530,Craig Parker,herrerabarbara@example.org,South,Corporate,2025-03-25,0,8,16511.08
CUST-362524,Emma Gomez,anthony42@example.com,Central,Corporate,2025-07-11,0,14,48770.18
CUST-427382,Elizabeth Morris,laurahernandez@example.net,South,Home Office,2024-12-05,1,11,53625.67
CUST-520224,Christopher Bender,singram@example.org,West,Consumer,2025-02-24,1,11,43788.5
CUST-918149,Amy Ford,danielkerr@example.com,Central,Home Office,2026-04-04,0,9,57503.78
